vectors,trial,steps_per_stage,stage,accuracy,nll,correction_parameters,total_parameters,steps_per_epoch
128,0,500,1,100.0,0.00024628901155665517,1482,1482,5
128,0,500,2,100.0,3.352760913344355e-08,1482,2964,5
128,0,500,3,100.0,6.984917888530617e-08,1482,4446,5
128,0,500,4,100.0,1.8905811316471954e-07,1482,5928,5
128,0,500,5,100.0,1.1455210824351525e-06,1482,7410,5
128,0,500,6,100.0,3.1292370294977445e-07,1482,8892,5
128,0,500,7,100.0,2.4214383387288763e-08,1482,10374,5
128,0,500,8,100.0,1.0924307389359456e-05,1482,11856,5
128,1,500,1,100.0,0.00017641193699091673,1482,1482,5
128,1,500,2,100.0,2.1420417439799166e-08,1482,2964,5
128,1,500,3,100.0,3.5390254282674505e-08,1482,4446,5
128,1,500,4,100.0,4.1909508752269176e-08,1482,5928,5
128,1,500,5,100.0,2.0209655815506267e-07,1482,7410,5
128,1,500,6,100.0,2.0833533653785707e-06,1482,8892,5
128,1,500,7,100.0,2.0339630282251164e-06,1482,10374,5
128,1,500,8,100.0,5.5718846851959825e-06,1482,11856,5
128,2,500,1,100.0,0.0001833243586588651,1482,1482,5
128,2,500,2,100.0,2.2351738238057806e-08,1482,2964,5
128,2,500,3,100.0,8.51218771913409e-07,1482,4446,5
128,2,500,4,100.0,1.8067638052343682e-07,1482,5928,5
128,2,500,5,100.0,4.833547109228675e-07,1482,7410,5
128,2,500,6,100.0,8.475001322949538e-07,1482,8892,5
128,2,500,7,100.0,4.72715782962041e-06,1482,10374,5
128,2,500,8,100.0,2.7939675018018306e-09,1482,11856,5
512,0,500,1,100.0,0.005607290659099817,1482,1482,5
512,0,500,2,100.0,1.0865767762879841e-05,1482,2964,5
512,0,500,3,100.0,2.7474012398442937e-08,1482,4446,5
512,0,500,4,100.0,1.395981598761864e-06,1482,5928,5
512,0,500,5,100.0,5.979042043691152e-07,1482,7410,5
512,0,500,6,100.0,1.2887019238405628e-06,1482,8892,5
512,0,500,7,100.0,2.0502822735579684e-05,1482,10374,5
512,0,500,8,100.0,2.3981552743634893e-08,1482,11856,5
512,1,500,1,100.0,0.007395521737635136,1482,1482,5
512,1,500,2,100.0,2.0226914784871042e-05,1482,2964,5
512,1,500,3,100.0,6.053595313915139e-08,1482,4446,5
512,1,500,4,100.0,0.00021344749256968498,1482,5928,5
512,1,500,5,100.0,9.825451741107827e-08,1482,7410,5
512,1,500,6,100.0,1.404403633387119e-06,1482,8892,5
512,1,500,7,100.0,2.0353290892671794e-05,1482,10374,5
512,1,500,8,100.0,3.213062171880665e-08,1482,11856,5
512,2,500,1,99.8046875,0.01071064081043005,1482,1482,5
512,2,500,2,100.0,2.826676791300997e-05,1482,2964,5
512,2,500,3,100.0,6.915068695434456e-08,1482,4446,5
512,2,500,4,100.0,3.6345045373309404e-06,1482,5928,5
512,2,500,5,100.0,3.476417623460293e-05,1482,7410,5
512,2,500,6,100.0,4.2608000683230784e-08,1482,8892,5
512,2,500,7,100.0,1.0996398032148136e-06,1482,10374,5
512,2,500,8,100.0,1.9744010160138714e-07,1482,11856,5
2048,0,800,1,49.70703125,1.395684003829956,1482,1482,8
2048,0,800,2,77.880859375,0.693510890007019,1482,2964,8
2048,0,800,3,96.630859375,0.2472158819437027,1482,4446,8
2048,0,800,4,99.853515625,0.06904126703739166,1482,5928,8
2048,0,800,5,99.951171875,0.027191730216145515,1482,7410,8
2048,0,800,6,100.0,0.008319808170199394,1482,8892,8
2048,0,800,7,100.0,0.002071817871183157,1482,10374,8
2048,0,800,8,100.0,0.0009994975989684463,1482,11856,8
2048,1,800,1,50.0,1.3961591720581055,1482,1482,8
2048,1,800,2,80.37109375,0.6468240022659302,1482,2964,8
2048,1,800,3,97.216796875,0.21777695417404175,1482,4446,8
2048,1,800,4,99.951171875,0.05482747405767441,1482,5928,8
2048,1,800,5,100.0,0.0136092659085989,1482,7410,8
2048,1,800,6,100.0,0.003282683901488781,1482,8892,8
2048,1,800,7,100.0,0.0007750202203169465,1482,10374,8
2048,1,800,8,100.0,0.0007405733922496438,1482,11856,8
2048,2,800,1,50.0,1.3862437009811401,1482,1482,8
2048,2,800,2,77.734375,0.685820460319519,1482,2964,8
2048,2,800,3,96.533203125,0.2417915165424347,1482,4446,8
2048,2,800,4,100.0,0.05947354435920715,1482,5928,8
2048,2,800,5,100.0,0.015978887677192688,1482,7410,8
2048,2,800,6,100.0,0.0036610353272408247,1482,8892,8
2048,2,800,7,100.0,0.0008870075107552111,1482,10374,8
2048,2,800,8,100.0,0.0007348094368353486,1482,11856,8
8192,0,3200,1,23.5107421875,2.049936056137085,1482,1482,32
8192,0,3200,2,33.09326171875,1.813500165939331,1482,2964,32
8192,0,3200,3,42.32177734375,1.5869038105010986,1482,4446,32
8192,0,3200,4,51.1962890625,1.3629891872406006,1482,5928,32
8192,0,3200,5,60.009765625,1.1545302867889404,1482,7410,32
8192,0,3200,6,67.71240234375,0.958534300327301,1482,8892,32
8192,0,3200,7,74.79248046875,0.7840026021003723,1482,10374,32
8192,0,3200,8,81.40869140625,0.6287203431129456,1482,11856,32
8192,1,3200,1,22.76611328125,2.060054302215576,1482,1482,32
8192,1,3200,2,32.70263671875,1.8232864141464233,1482,2964,32
8192,1,3200,3,42.83447265625,1.582305908203125,1482,4446,32
8192,1,3200,4,51.5625,1.3606094121932983,1482,5928,32
8192,1,3200,5,60.21728515625,1.148608922958374,1482,7410,32
8192,1,3200,6,68.06640625,0.9569350481033325,1482,8892,32
8192,1,3200,7,74.67041015625,0.7888697981834412,1482,10374,32
8192,1,3200,8,81.53076171875,0.627686619758606,1482,11856,32
8192,2,3200,1,22.76611328125,2.056800365447998,1482,1482,32
8192,2,3200,2,33.935546875,1.8203504085540771,1482,2964,32
8192,2,3200,3,42.61474609375,1.5847567319869995,1482,4446,32
8192,2,3200,4,50.9765625,1.3623149394989014,1482,5928,32
8192,2,3200,5,59.5947265625,1.1518173217773438,1482,7410,32
8192,2,3200,6,67.7490234375,0.9584699869155884,1482,8892,32
8192,2,3200,7,74.8046875,0.7908430099487305,1482,10374,32
8192,2,3200,8,81.4208984375,0.62787264585495,1482,11856,32
