condition,trial,step,ensemble_accuracy,member_accuracy_mean,parameter_cosine_mean,parameter_relative_spread,logit_correlation_mean,prediction_disagreement_mean
independent,0,0,8.642578125,9.698486328125,-0.0014543235135663832,2.6628496646881104,0.0616005792580836,88.04408482142857
independent,0,100,76.025390625,16.2353515625,0.00905573704013867,2.551386833190918,-0.0643191598771539,91.88406808035714
independent,0,200,99.267578125,16.5283203125,0.008857586953256811,2.5543742179870605,-0.08025342023548936,92.10728236607143
independent,0,300,100.0,16.326904296875,0.007993931050545402,2.5628788471221924,-0.08304406329989433,92.14390345982143
independent,0,400,100.0,16.29638671875,0.008141851884179882,2.5615394115448,-0.08387214597314596,92.10205078125
independent,0,500,100.0,16.34521484375,0.008229942925806557,2.5607175827026367,-0.08428965562156268,92.14564732142857
independent,0,600,100.0,16.30859375,0.008222593842739505,2.5608127117156982,-0.08462205276425395,92.138671875
independent,0,700,100.0,16.4306640625,0.008248146282442446,2.560589551925659,-0.08486383611203305,92.14041573660714
independent,0,800,100.0,16.40625,0.008262755432432252,2.5604584217071533,-0.08497270372962314,92.16482979910714
noise_0,0,0,10.498046875,10.498046875,1.0,0.0,1.0,0.0
noise_0,0,100,24.658203125,24.658203125,0.9999999787126269,0.0,1.0,0.0
noise_0,0,200,31.396484375,31.396484375,0.999999965940203,0.0,0.9999999403953552,0.0
noise_0,0,300,36.1328125,36.1328125,0.9999999872275761,0.0,0.9999999403953552,0.0
noise_0,0,400,39.84375,39.84375,1.0000001192092896,0.0,1.0,0.0
noise_0,0,500,41.064453125,41.064453125,1.0,0.0,1.0,0.0
noise_0,0,600,42.138671875,42.138671875,0.9999999744551522,0.0,1.0,0.0
noise_0,0,700,42.236328125,42.236328125,1.0,0.0,1.0,0.0
noise_0,0,800,43.75,43.75,1.0,0.0,0.9999998807907104,0.0
noise_1e-05,0,0,10.498046875,10.498046875,0.9999998744044986,0.0002473999047651887,0.9999998956918716,0.0
noise_1e-05,0,100,32.861328125,21.099853515625,0.7614939170224326,0.5138566493988037,0.25662890788433806,75.87367466517857
noise_1e-05,0,200,86.083984375,19.439697265625,0.4508656029190336,0.9633103609085083,-0.02240664799631174,88.82359095982143
noise_1e-05,0,300,99.658203125,18.8720703125,0.4138809655393873,1.0277460813522339,-0.037360259398285835,90.12102399553571
noise_1e-05,0,400,100.0,18.75,0.4091872445174626,1.0362834930419922,-0.04262693873274007,90.34946986607143
noise_1e-05,0,500,100.0,18.524169921875,0.40789287430899485,1.0386812686920166,-0.043855607750759064,90.44886997767857
noise_1e-05,0,600,100.0,18.402099609375,0.406800209411553,1.0407003164291382,-0.044868635113484094,90.53083147321429
noise_1e-05,0,700,100.0,18.353271484375,0.40606266260147095,1.0420756340026855,-0.045559823546292524,90.58314732142857
noise_1e-05,0,800,100.0,18.42041015625,0.40556209427969797,1.0430083274841309,-0.0460083522401484,90.63023158482143
noise_0.0001,0,0,10.546875,10.546875,0.9999929879392896,0.0024799550883471966,0.9999997211354119,0.0
noise_0.0001,0,100,44.873046875,19.744873046875,0.5636421367526054,0.7886887788772583,0.0758590853324027,84.92606026785714
noise_0.0001,0,200,93.310546875,18.85986328125,0.3656932647739138,1.1167466640472412,-0.036595917737161344,90.2587890625
noise_0.0001,0,300,100.0,18.798828125,0.34175720172269003,1.1650503873825073,-0.04704798037918018,91.06619698660714
noise_0.0001,0,400,100.0,18.56689453125,0.33820517148290363,1.1723880767822266,-0.05125000461911051,91.19698660714286
noise_0.0001,0,500,100.0,18.414306640625,0.33635836626802174,1.1762449741363525,-0.052444351837038994,91.33126395089286
noise_0.0001,0,600,100.0,18.42041015625,0.3348760200398309,1.179356575012207,-0.05347411531589127,91.37660435267857
noise_0.0001,0,700,100.0,18.353271484375,0.33385563854660305,1.1814911365509033,-0.05419938272591805,91.41148158482143
noise_0.0001,0,800,100.0,18.26171875,0.3329647736889975,1.1833759546279907,-0.05459719683156956,91.47774832589286
noise_0.001,0,0,9.27734375,9.27734375,0.9992256654160363,0.0260434839874506,0.999936791402953,0.0
noise_0.001,0,100,61.962890625,18.896484375,0.3933102179850851,1.0639818906784058,-0.015595258105479713,88.19405691964286
noise_0.001,0,200,98.2421875,19.525146484375,0.30239293937172207,1.2523480653762817,-0.05364308937402841,90.32505580357143
noise_0.001,0,300,100.0,19.073486328125,0.2940008815910135,1.271834373474121,-0.05968655752284186,90.82380022321429
noise_0.001,0,400,100.0,19.061279296875,0.2916835349585329,1.2773280143737793,-0.06154575205541083,90.83949497767857
noise_0.001,0,500,100.0,19.15283203125,0.29037449083157946,1.2804561853408813,-0.06248379658375468,90.869140625
noise_0.001,0,600,100.0,19.1650390625,0.2895416553531374,1.282448649406433,-0.06306826642581395,90.87088448660714
noise_0.001,0,700,100.0,19.140625,0.28881201573780607,1.2842015027999878,-0.06348998764795917,90.83949497767857
noise_0.001,0,800,100.0,19.122314453125,0.28814671507903505,1.2858059406280518,-0.06386644759082369,90.89181082589286
noise_0.01,0,0,9.66796875,9.66796875,0.9377568002258029,0.24016334116458893,0.9958291160208839,0.0
noise_0.01,0,100,53.3203125,14.404296875,0.2701050623186997,1.3337664604187012,-0.06499045927609716,90.72265625
noise_0.01,0,200,95.458984375,14.727783203125,0.19003048964909144,1.560041069984436,-0.09408365414544408,93.73604910714286
noise_0.01,0,300,100.0,14.349365234375,0.18073797917791776,1.5907304286956787,-0.09795403442279037,93.84242466517857
noise_0.01,0,400,100.0,14.361572265625,0.1790401568370206,1.5965337753295898,-0.09911811607889831,93.93310546875
noise_0.01,0,500,100.0,14.373779296875,0.17807478457689285,1.5998655557632446,-0.09966324758715928,93.9697265625
noise_0.01,0,600,100.0,14.276123046875,0.17771138889448984,1.6010149717330933,-0.10005707732800927,94.00634765625
noise_0.01,0,700,100.0,14.29443359375,0.17699819962893212,1.6034678220748901,-0.10022055760159024,94.01681082589286
noise_0.01,0,800,100.0,14.263916015625,0.1763401622218745,1.6057367324829102,-0.10043313034943172,94.04820033482143
noise_0.1,0,0,10.791015625,10.345458984375,0.1043660958696689,1.9043629169464111,0.5278846328811986,71.22977120535714
noise_0.1,0,100,74.70703125,17.08984375,0.041476975876971016,2.2778337001800537,-0.058497817401075736,91.28941127232143
noise_0.1,0,200,99.51171875,17.926025390625,0.034289938564013155,2.33284592628479,-0.0722823136353067,92.32352120535714
noise_0.1,0,300,100.0,17.90771484375,0.033461626851931214,2.339280366897583,-0.07502550356106699,92.33049665178571
noise_0.1,0,400,100.0,17.864990234375,0.033465346188417504,2.3392980098724365,-0.07598752831940406,92.39676339285714
noise_0.1,0,500,100.0,17.840576171875,0.03345247918540346,2.339425802230835,-0.07644315555392366,92.39501953125
noise_0.1,0,600,100.0,17.8955078125,0.033514683484099805,2.338956117630005,-0.07685919836096998,92.42117745535714
noise_0.1,0,700,100.0,17.877197265625,0.033544725073235374,2.338735580444336,-0.07708961165709687,92.40548270089286
noise_0.1,0,800,100.0,17.852783203125,0.033518790816222985,2.33894419670105,-0.07727959767050509,92.45954241071429
independent,1,0,9.66796875,10.36376953125,-0.0033898346674894647,2.6822562217712402,0.07493311739692997,85.44224330357143
independent,1,100,75.68359375,16.85791015625,0.013855278541866158,2.509671449661255,-0.06427190085482185,90.47677176339286
independent,1,200,99.21875,17.1875,0.015187920237492238,2.4995086193084717,-0.07788772486882019,91.49867466517857
independent,1,300,100.0,17.205810546875,0.014087545319593378,2.5103330612182617,-0.08228186699644928,91.48472377232143
independent,1,400,100.0,17.19970703125,0.01378159602505288,2.513291835784912,-0.08312823055686229,91.48472377232143
independent,1,500,100.0,17.193603515625,0.014026063893522536,2.5111021995544434,-0.08362842076530796,91.50913783482143
independent,1,600,100.0,17.071533203125,0.013953832709895713,2.511838912963867,-0.08400466208279665,91.552734375
independent,1,700,100.0,17.15087890625,0.013921356294304132,2.5121641159057617,-0.08419973777407515,91.48472377232143
independent,1,800,100.0,17.120361328125,0.014012241519854538,2.511345386505127,-0.08434040205819267,91.51960100446429
noise_0,1,0,9.86328125,9.86328125,1.0000000127724238,0.0,1.0,0.0
noise_0,1,100,23.73046875,23.73046875,0.9999999403953552,0.0,1.0,0.0
noise_0,1,200,31.54296875,31.54296875,1.0000001192092896,0.0,1.0,0.0
noise_0,1,300,35.7421875,35.7421875,1.0000000127724238,0.0,0.9999999403953552,0.0
noise_0,1,400,36.1328125,36.1328125,1.0,0.0,1.0,0.0
noise_0,1,500,39.74609375,39.74609375,1.0,0.0,1.0,0.0
noise_0,1,600,40.8203125,40.8203125,0.9999998807907104,0.0,1.0,0.0
noise_0,1,700,40.8203125,40.8203125,0.9999999403953552,0.0,1.0,0.0
noise_0,1,800,40.234375,40.234375,1.0,0.0,0.9999998807907104,0.0
noise_1e-05,1,0,9.66796875,9.66796875,0.9999999127217701,0.00023770765983499587,0.9999998935631343,0.0
noise_1e-05,1,100,36.181640625,16.864013671875,0.656762855393546,0.6595044732093811,0.04706989035392845,82.70612444196429
noise_1e-05,1,200,86.328125,16.0400390625,0.3641390736613955,1.1217501163482666,-0.07584283484279045,91.12374441964286
noise_1e-05,1,300,99.951171875,16.1865234375,0.3195297670151506,1.2146577835083008,-0.08292493817030586,91.96079799107143
noise_1e-05,1,400,100.0,16.156005859375,0.31227528250643183,1.2306625843048096,-0.08530035139327603,92.06891741071429
noise_1e-05,1,500,100.0,16.0400390625,0.30967143550515175,1.2365689277648926,-0.0860124230447192,92.15262276785714
noise_1e-05,1,600,100.0,15.93017578125,0.3078498441193785,1.240718960762024,-0.08645082119619474,92.18226841517857
noise_1e-05,1,700,100.0,15.972900390625,0.3063631909234183,1.2441105842590332,-0.08666969056295264,92.22586495535714
noise_1e-05,1,800,100.0,15.91796875,0.30519444442221094,1.2467973232269287,-0.08696228045820524,92.24853515625
noise_0.0001,1,0,9.228515625,9.228515625,0.9999925494194031,0.0025585214607417583,0.9999996487583432,0.0
noise_0.0001,1,100,48.046875,16.241455078125,0.5235273018479347,0.8466333746910095,0.0005002127561186041,89.99372209821429
noise_0.0001,1,200,95.21484375,16.064453125,0.342758871614933,1.1636083126068115,-0.060431656203166186,90.84821428571429
noise_0.0001,1,300,100.0,16.180419921875,0.3241159128291266,1.2030490636825562,-0.06687604646763898,91.51785714285714
noise_0.0001,1,400,100.0,16.412353515625,0.32059324213436674,1.2107243537902832,-0.06841640660422854,91.49693080357143
noise_0.0001,1,500,100.0,16.39404296875,0.3185598094548498,1.215193510055542,-0.06931548690935026,91.58063616071429
noise_0.0001,1,600,100.0,16.39404296875,0.3170173295906612,1.218597412109375,-0.06981322966878777,91.54924665178571
noise_0.0001,1,700,100.0,16.412353515625,0.3159585478050368,1.220950961112976,-0.07019465034474186,91.60330636160714
noise_0.0001,1,800,100.0,16.363525390625,0.31501091378075735,1.2230546474456787,-0.07049365426480238,91.59981863839286
noise_0.001,1,0,9.228515625,9.228515625,0.9993183761835098,0.02443634159862995,0.9999706042664391,0.0
noise_0.001,1,100,48.6328125,17.85888671875,0.4486860856413841,0.9686868190765381,0.018523746053688228,84.814453125
noise_0.001,1,200,93.45703125,17.56591796875,0.31411433113472803,1.2264177799224854,-0.045602337841825956,90.02511160714286
noise_0.001,1,300,100.0,18.05419921875,0.29698603972792625,1.2654976844787598,-0.05223737327781107,90.5517578125
noise_0.001,1,400,100.0,17.864990234375,0.29405643844178747,1.272583246231079,-0.05459172446613333,90.72614397321429
noise_0.001,1,500,100.0,17.68798828125,0.2916879781654903,1.2786263227462769,-0.05538716086136576,90.85518973214286
noise_0.001,1,600,100.0,17.681884765625,0.2903956776218755,1.2820055484771729,-0.055652119462528,90.86739676339286
noise_0.001,1,700,100.0,17.59033203125,0.2892026789486408,1.285142421722412,-0.056182664523865763,90.91796875
noise_0.001,1,800,100.0,17.620849609375,0.28824048968298094,1.2877726554870605,-0.05630640089241622,90.96854073660714
noise_0.01,1,0,10.791015625,10.791015625,0.9345145693847111,0.24666041135787964,0.9973520338535309,0.0
noise_0.01,1,100,56.201171875,13.9404296875,0.2533897879932608,1.3729053735733032,-0.06545812573416956,90.92843191964286
noise_0.01,1,200,95.60546875,14.07470703125,0.17828623045768058,1.5997868776321411,-0.08749987969973258,92.58684430803571
noise_0.01,1,300,100.0,13.80615234375,0.16721671127847262,1.6390849351882935,-0.09389521713767733,92.40897042410714
noise_0.01,1,400,100.0,13.836669921875,0.16487214634461062,1.6477097272872925,-0.0951086502256138,92.44384765625
noise_0.01,1,500,100.0,13.7939453125,0.16364067659846374,1.6522488594055176,-0.09560036998508233,92.43861607142857
noise_0.01,1,600,100.0,13.75732421875,0.16265720767634256,1.6558942794799805,-0.09590097104332276,92.44559151785714
noise_0.01,1,700,100.0,13.726806640625,0.16184347681701183,1.6589325666427612,-0.09611714677885175,92.48046875
noise_0.01,1,800,100.0,13.751220703125,0.1612765214272908,1.661037564277649,-0.0963133595484708,92.45779854910714
noise_0.1,1,0,8.837890625,9.942626953125,0.1376988541867052,1.754186749458313,0.7686962102140699,81.34242466517857
noise_0.1,1,100,77.197265625,18.115234375,0.06248019216582179,2.1390862464904785,-0.046720828811105876,90.37737165178571
noise_0.1,1,200,99.51171875,18.426513671875,0.05490943769525204,2.187570571899414,-0.06203468779235014,91.61028180803571
noise_0.1,1,300,100.0,18.3349609375,0.05399022574004318,2.193671703338623,-0.06534578744322062,91.78815569196429
noise_0.1,1,400,100.0,18.389892578125,0.05343446165456304,2.1973650455474854,-0.0666601475261684,91.86139787946429
noise_0.1,1,500,100.0,18.463134765625,0.053329591772386005,2.1980345249176025,-0.06728150968306831,91.89104352678571
noise_0.1,1,600,100.0,18.359375,0.05307985789009503,2.1997010707855225,-0.06766166095621884,91.97300502232143
noise_0.1,1,700,100.0,18.39599609375,0.05293279009804662,2.200657844543457,-0.06809254077130131,91.97300502232143
noise_0.1,1,800,100.0,18.39599609375,0.05284534524460988,2.2012245655059814,-0.06837011803872883,92.00613839285714
independent,2,0,10.64453125,9.832763671875,-0.003533197516974594,2.6817851066589355,0.02592400531284511,91.0888671875
independent,2,100,76.46484375,14.7216796875,0.0015089727405990874,2.62839937210083,-0.07406554944048237,93.51283482142857
independent,2,200,99.072265625,15.301513671875,0.005103109437706215,2.5919077396392822,-0.08623833230480418,93.48842075892857
independent,2,300,100.0,15.5029296875,0.005359549383034131,2.589364767074585,-0.08888301387196407,93.40471540178571
independent,2,400,100.0,15.49072265625,0.005372808697367353,2.5892274379730225,-0.08968829218481135,93.42738560267857
independent,2,500,100.0,15.435791015625,0.00537389495210456,2.5892515182495117,-0.08999580087921848,93.45528738839286
independent,2,600,100.0,15.4052734375,0.00533421355898359,2.5896663665771484,-0.09025516069959849,93.49365234375
independent,2,700,100.0,15.435791015625,0.005314170865208975,2.5898640155792236,-0.09042507879036878,93.46575055803571
independent,2,800,100.0,15.49072265625,0.005270160185838384,2.590299606323242,-0.09055943140992895,93.51632254464286
noise_0,2,0,9.033203125,9.033203125,0.9999999744551522,0.0,0.9999999403953552,0.0
noise_0,2,100,23.681640625,23.681640625,1.0,0.0,1.0,0.0
noise_0,2,200,29.4921875,29.4921875,1.0,0.0,1.0,0.0
noise_0,2,300,33.544921875,33.544921875,1.0,0.0,1.0,0.0
noise_0,2,400,36.865234375,36.865234375,0.9999998807907104,0.0,0.9999998807907104,0.0
noise_0,2,500,38.37890625,38.37890625,1.0,0.0,0.9999999403953552,0.0
noise_0,2,600,41.30859375,41.30859375,1.0,0.0,1.0,0.0
noise_0,2,700,41.845703125,41.845703125,1.0,0.0,1.0,0.0
noise_0,2,800,40.72265625,40.72265625,1.0,0.0,0.9999998807907104,0.0
noise_1e-05,2,0,9.1796875,9.1796875,0.9999999446528298,0.0002523738075979054,0.9999999212367194,0.0
noise_1e-05,2,100,40.0390625,18.878173828125,0.6454016310828072,0.6713756918907166,0.08453419082798064,84.05064174107143
noise_1e-05,2,200,88.232421875,17.919921875,0.4094800353050232,1.0343999862670898,-0.04007254700159787,89.20724051339286
noise_1e-05,2,300,99.90234375,17.962646484375,0.38084609700100763,1.0876401662826538,-0.05223871287307702,90.19077845982143
noise_1e-05,2,400,100.0,17.608642578125,0.3752518083368029,1.0983432531356812,-0.05589500329889623,90.61976841517857
noise_1e-05,2,500,100.0,17.572021484375,0.37324727858815876,1.1022577285766602,-0.057932898780563846,90.67208426339286
noise_1e-05,2,600,100.0,17.559814453125,0.3717291961823191,1.1052294969558716,-0.05884335102330494,90.76450892857143
noise_1e-05,2,700,100.0,17.578125,0.37054911788020817,1.1075432300567627,-0.059736877239109684,90.80113002232143
noise_1e-05,2,800,100.0,17.523193359375,0.3696964223470007,1.1092276573181152,-0.0603472175342696,90.85518973214286
noise_0.0001,2,0,10.693359375,10.693359375,0.9999926430838448,0.0025393464602530003,0.9999997977699552,0.0
noise_0.0001,2,100,44.921875,17.51708984375,0.48814734177930014,0.9026656150817871,0.02232371471888785,87.46861049107143
noise_0.0001,2,200,95.068359375,17.950439453125,0.3262390270829201,1.1988303661346436,-0.054518963709207516,91.16908482142857
noise_0.0001,2,300,100.0,17.852783203125,0.31059789444719044,1.2336381673812866,-0.06358786459480013,91.46205357142857
noise_0.0001,2,400,100.0,17.83447265625,0.30803436573062626,1.2395316362380981,-0.0654441662066217,91.64341517857143
noise_0.0001,2,500,100.0,17.7734375,0.3063266910612583,1.243470549583435,-0.0662289380727868,91.68178013392857
noise_0.0001,2,600,100.0,17.85888671875,0.30521626344748903,1.2460408210754395,-0.06669071020691522,91.70445033482143
noise_0.0001,2,700,100.0,17.926025390625,0.3042941375502518,1.248193621635437,-0.06707578355313412,91.76199776785714
noise_0.0001,2,800,100.0,17.950439453125,0.30365036853722166,1.249701738357544,-0.06740743495590452,91.76897321428571
noise_0.001,2,0,10.107421875,10.107421875,0.9993173224585397,0.024457821622490883,0.9999640711716243,0.0
noise_0.001,2,100,58.30078125,18.83544921875,0.4025355779698917,1.047714114189148,-0.008374096975395722,88.54457310267857
noise_0.001,2,200,96.58203125,19.219970703125,0.2999671463455473,1.2582091093063354,-0.050294033251702785,90.78194754464286
noise_0.001,2,300,100.0,18.98193359375,0.28650482797196936,1.290048599243164,-0.05603793623075554,91.31208147321429
noise_0.001,2,400,100.0,19.012451171875,0.28386083777461735,1.296502947807312,-0.05760571307577526,91.42892020089286
noise_0.001,2,500,100.0,18.975830078125,0.2824552979852472,1.299945592880249,-0.058262614911135255,91.45159040178571
noise_0.001,2,600,100.0,18.88427734375,0.2813823936241014,1.302570104598999,-0.058791870311584456,91.49169921875
noise_0.001,2,700,100.0,18.841552734375,0.2805781609245709,1.3045493364334106,-0.05908509858584564,91.48297991071429
noise_0.001,2,800,100.0,18.896484375,0.27989201300910543,1.3062394857406616,-0.05942817953681307,91.48995535714286
noise_0.01,2,0,9.716796875,9.716796875,0.9339194553239005,0.24774184823036194,0.9981064817735127,0.0
noise_0.01,2,100,54.4921875,14.453125,0.2495058732373374,1.3843353986740112,-0.04694770784200435,92.1875
noise_0.01,2,200,96.875,15.570068359375,0.1877992046730859,1.568379521369934,-0.07761149964894035,93.31577845982143
noise_0.01,2,300,100.0,15.777587890625,0.17659634910523891,1.6065798997879028,-0.0824872455518094,93.46400669642857
noise_0.01,2,400,100.0,15.887451171875,0.17363433885787213,1.6169044971466064,-0.08386140464738544,93.47272600446429
noise_0.01,2,500,100.0,15.93017578125,0.17189499735832214,1.623023509979248,-0.08453050295689277,93.49714006696429
noise_0.01,2,600,100.0,15.838623046875,0.17057815673095839,1.6276969909667969,-0.0849358846067584,93.53899274553571
noise_0.01,2,700,100.0,15.869140625,0.16959983137037074,1.6311800479888916,-0.08517384038506341,93.54422433035714
noise_0.01,2,800,100.0,15.911865234375,0.16878328977950982,1.6340980529785156,-0.08540567116246425,93.56166294642857
noise_0.1,2,0,9.66796875,9.735107421875,0.10560049968106407,1.8977267742156982,0.7176179651703153,59.89467075892857
noise_0.1,2,100,75.439453125,18.035888671875,0.0603052029785301,2.1501224040985107,-0.04842667085384684,91.27894810267857
noise_0.1,2,200,99.658203125,18.6767578125,0.05154745423767183,2.2065951824188232,-0.06641225983288937,91.69398716517857
noise_0.1,2,300,100.0,18.66455078125,0.04988054987708373,2.2179362773895264,-0.0699600081279641,91.79861886160714
noise_0.1,2,400,100.0,18.66455078125,0.04942570500341909,2.2209911346435547,-0.0709735581019361,91.84744698660714
noise_0.1,2,500,100.0,18.646240234375,0.049035721724586825,2.2236690521240234,-0.07138777298886063,91.92766462053571
noise_0.1,2,600,100.0,18.603515625,0.048778119131124446,2.2254137992858887,-0.0718081191631167,91.95382254464286
noise_0.1,2,700,100.0,18.609619140625,0.04863222605282707,2.226409673690796,-0.07209772355521896,91.93987165178571
noise_0.1,2,800,100.0,18.597412109375,0.048455691597025306,2.227613687515259,-0.07229794541074495,91.98172433035714
