trial,stage,epoch,train_loss,test_accuracy,test_nll
0,1,1,2.2998191548665363,21.56,2.114616913986206
0,1,2,2.181549267578125,26.8,2.031414354324341
0,1,3,2.1556291767120364,28.94,2.0156207012176512
0,1,4,2.140093918991089,30.64,1.9956760749816895
0,1,5,2.13483279393514,30.73,1.9742736953735351
0,1,6,2.1198643957773844,32.14,1.9455500415802003
0,1,7,2.1153496326446533,32.07,1.9478235877990722
0,1,8,2.1218408351898193,31.96,1.94873037109375
0,1,9,2.1166860416412354,33.11,1.9408032165527345
0,1,10,2.1187414494832355,31.92,1.955609044456482
0,1,11,2.115531177775065,32.63,1.9329489925384522
0,1,12,2.1134095417022705,32.6,1.9414915069580079
0,1,13,2.1040888100306194,32.92,1.912436902809143
0,1,14,2.103190743891398,32.72,1.9281008167266847
0,1,15,2.1003531370798747,32.35,1.935328918838501
0,1,16,2.0950356624603272,32.51,1.923176392173767
0,1,17,2.1039317879994712,32.27,1.9179893560409547
0,1,18,2.094253556251526,32.3,1.928391039276123
0,1,19,2.0920640377044677,33.24,1.9122817384719848
0,1,20,2.0947263450622557,31.24,1.908095372581482
0,1,21,2.0945774735768636,31.51,1.9429173286437988
0,1,22,2.1052729053497314,31.3,1.9427348329544067
0,1,23,2.0974079639434815,32.32,1.9242344480514526
0,1,24,2.0876947048187255,31.93,1.9256261405944823
0,1,25,2.0898959891001385,31.58,1.9170191026687622
0,1,26,2.083366743850708,33.67,1.9108759576797485
0,1,27,2.096991824976603,31.99,1.9139043893814087
0,1,28,2.0908646597544354,32.72,1.9560084213256836
0,1,29,2.087167470550537,31.57,1.9257665765762328
0,1,30,2.1007121012369794,31.24,1.9267390880584716
0,2,1,2.0924755500157675,34.31,1.7833739393234254
0,2,2,1.990782486216227,42.11,1.7006287664413453
0,2,3,1.9556004032770793,47.44,1.6674064052581787
0,2,4,1.9342533519744873,46.63,1.6420223455429077
0,2,5,1.92820698928833,47.93,1.6247933912277222
0,2,6,1.9159685075759887,47.79,1.6405282577514648
0,2,7,1.9123268304189047,48.78,1.627425725364685
0,2,8,1.9054429192225137,49.15,1.6244544580459594
0,2,9,1.909758769162496,49.08,1.6168225086212158
0,2,10,1.9055819241841634,49.51,1.5971770572662354
0,2,11,1.9013461206436157,50.29,1.605841944885254
0,2,12,1.910409241549174,50.5,1.603902116394043
0,2,13,1.8982170566558838,50.16,1.6356131885528564
0,2,14,1.9057544679641725,50.38,1.589127244567871
0,2,15,1.902665451558431,49.59,1.597220308494568
0,2,16,1.902838690630595,50.22,1.5887980422973633
0,2,17,1.8949094820658365,51.7,1.5657811138153077
0,2,18,1.8950774081548054,52.52,1.5578290010452271
0,2,19,1.896913424173991,52.54,1.5719151927947999
0,2,20,1.884256657854716,52.13,1.5682719039916992
0,2,21,1.8929039967854817,52.73,1.5546939525604249
0,2,22,1.8954370275497436,52.81,1.5859998346328736
0,2,23,1.8898641932169595,52.34,1.5772604804992676
0,2,24,1.8915376342773438,53.46,1.5746059944152833
0,2,25,1.885812315114339,52.1,1.5973840076446533
0,2,26,1.8876269938151042,52.39,1.602077659034729
0,2,27,1.8915551488876343,52.54,1.5836803524017333
0,2,28,1.8865156067530313,53.51,1.566554479789734
0,2,29,1.8848827718734742,53.85,1.5588319976806642
0,2,30,1.8843301928202312,53.83,1.5472397762298584
0,3,1,1.9511996200561523,41.97,1.581614532852173
0,3,2,1.8639304524739584,49.5,1.4709413705825807
0,3,3,1.8034660638809203,54.85,1.3789971015930176
0,3,4,1.7720960704167683,56.37,1.3783747247695923
0,3,5,1.774109148724874,57.78,1.39081035861969
0,3,6,1.7608521204630534,59.28,1.324803074645996
0,3,7,1.7662300451278687,59.37,1.3326411546707153
0,3,8,1.7630381916681925,58.72,1.3311898403167726
0,3,9,1.748181237856547,60.18,1.3394953676223755
0,3,10,1.7565760590235393,59.72,1.3352527652740478
0,3,11,1.7443261838277182,59.55,1.3207183303833008
0,3,12,1.7526603577295938,59.25,1.2922579706192017
0,3,13,1.7483266930262247,59.02,1.324608344078064
0,3,14,1.7459953495661418,59.33,1.3198605291366576
0,3,15,1.7589162968317669,59.7,1.2947942924499511
0,3,16,1.7443938494364422,58.7,1.3332718576431275
0,3,17,1.752218167368571,59.76,1.318427967262268
0,3,18,1.743172314453125,59.11,1.3172521907806396
0,3,19,1.7532879000345867,59.14,1.3176196897506713
0,3,20,1.746925114440918,59.0,1.3078117319107057
0,3,21,1.7456014800389608,59.55,1.3376268007278442
0,3,22,1.7443074663798015,59.85,1.3246039869308472
0,3,23,1.7437807398478191,59.47,1.3247807777404785
0,3,24,1.7562254724502564,59.41,1.3003762693405152
0,3,25,1.730393284034729,59.94,1.2880117012023926
0,3,26,1.7234819412867228,59.14,1.2940545213699342
0,3,27,1.7286086115519206,58.44,1.257621930885315
0,3,28,1.7217188220342001,58.65,1.2950938110351562
0,3,29,1.7222985404332478,58.95,1.268807455444336
0,3,30,1.7207263762791951,59.1,1.3113636728286744
0,4,1,1.7529315871556599,54.63,1.314542787361145
0,4,2,1.7225003443400064,57.09,1.2581381505966187
0,4,3,1.6701226229349773,61.29,1.2323055629730224
0,4,4,1.646860935974121,64.38,1.1629389394760132
0,4,5,1.645570427385966,64.9,1.161587310218811
0,4,6,1.6173612382888793,64.97,1.13380263671875
0,4,7,1.616017408688863,65.53,1.1547971946716309
0,4,8,1.6184227221806844,65.83,1.133629508972168
0,4,9,1.607130407142639,66.55,1.126700121116638
0,4,10,1.6090567271550495,65.87,1.150790472984314
0,4,11,1.6111947880427042,66.33,1.1269080089569092
0,4,12,1.6006746672948202,66.2,1.109751655960083
0,4,13,1.6135038827896118,66.12,1.137047352218628
0,4,14,1.612715217844645,65.99,1.1376489685058593
0,4,15,1.614238758913676,66.91,1.1105166996002198
0,4,16,1.610371880086263,65.63,1.1495374542236327
0,4,17,1.6091574139912923,66.2,1.114170139503479
0,4,18,1.6039297226587932,66.45,1.1176510398864745
0,4,19,1.6007300003051759,65.91,1.1429960046768188
0,4,20,1.59859708665212,66.69,1.1306916074752809
0,4,21,1.6025411102930704,66.23,1.1274854091644286
0,4,22,1.59820515499115,66.76,1.1102788928985596
0,4,23,1.6082696945826214,65.89,1.1259892318725586
0,4,24,1.605402685546875,66.62,1.1238821678161621
0,4,25,1.6038914196650187,66.34,1.1357967775344848
0,4,26,1.6058968302408854,66.56,1.1461218196868896
0,4,27,1.6100955380121866,66.2,1.122321724319458
0,4,28,1.5944418166478476,66.22,1.1132911260604859
0,4,29,1.6028454799016316,66.47,1.1218118938446044
0,4,30,1.5882306638717651,65.65,1.1262101078033446
0,5,1,1.6311679138819377,67.53,1.0766159992218018
0,5,2,1.559465845298767,69.8,1.0574259826660157
0,5,3,1.5429177505493163,70.25,1.0326247207641601
0,5,4,1.5173762039820353,71.53,1.0238326705932617
0,5,5,1.4979403884251912,72.42,0.979851162147522
0,5,6,1.4907821197509765,72.48,1.0096050268173218
0,5,7,1.4918056683858236,73.05,0.98669713306427
0,5,8,1.4950115254084269,73.16,0.9898419244766236
0,5,9,1.4846728878657023,73.18,0.9538333408355713
0,5,10,1.4935389749526977,72.37,0.9667286010742188
0,5,11,1.491999872080485,73.68,0.9766358767509461
0,5,12,1.480116603088379,73.34,0.9575933051109314
0,5,13,1.4806210643132527,73.5,0.971183783531189
0,5,14,1.4883815012613932,72.69,0.9867693771362305
0,5,15,1.4720532072703043,72.73,0.9627680290222168
0,5,16,1.482173559252421,73.23,0.9449917129516602
0,5,17,1.5002837045669555,73.02,0.995611153793335
0,5,18,1.4842237229029338,73.6,0.9452652684211731
0,5,19,1.4696828821818033,73.07,0.9682382709503173
0,5,20,1.4812166694641113,73.51,0.9671194705963134
0,5,21,1.4683306030273438,73.83,0.9301080594062805
0,5,22,1.4600155112584432,73.56,0.9621845433235169
0,5,23,1.4746382768630981,73.65,0.9507977990150451
0,5,24,1.4662104975382486,73.62,0.9461893798828125
0,5,25,1.4723392806371054,72.95,0.9634403030395507
0,5,26,1.4746773137410483,73.67,0.9579830772399902
0,5,27,1.4734091649373373,73.41,0.9557838047027588
0,5,28,1.4754693099339804,73.22,0.9643017900466919
0,5,29,1.4640188542048136,73.3,0.9770585886955261
0,5,30,1.4651926261901855,73.1,0.9678749473571777
0,6,1,1.5167512748718261,71.62,0.9546018278121948
0,6,2,1.443667382367452,75.12,0.8962030582427979
0,6,3,1.3986698520024619,77.36,0.8710063936233521
0,6,4,1.3707483123143513,78.42,0.8511094909667969
0,6,5,1.3628772736231487,78.77,0.8329720469474793
0,6,6,1.3636644145329793,79.4,0.8352097580909729
0,6,7,1.3620209679285684,79.63,0.8422080052375793
0,6,8,1.3529376338322958,80.29,0.8473318964958191
0,6,9,1.3461027605056763,80.07,0.8603946618080139
0,6,10,1.3524704601923625,80.72,0.8142215666770936
0,6,11,1.3561673285802205,80.61,0.8281130833625794
0,6,12,1.3486399792989094,80.21,0.8238157073020935
0,6,13,1.3385209046045938,80.28,0.8685965998649597
0,6,14,1.3505998903274536,80.04,0.7997751534461975
0,6,15,1.3524103525797526,81.12,0.8143946413993836
0,6,16,1.3522560254414877,81.07,0.8111217009544373
0,6,17,1.3537055134455362,81.08,0.8088225044250489
0,6,18,1.3566929361979168,80.84,0.8215568573951721
0,6,19,1.3339251594543458,80.69,0.8343156861305236
0,6,20,1.3399871093114217,80.73,0.8314778202056885
0,6,21,1.3337193061192831,81.42,0.8110525665283204
0,6,22,1.341110563659668,81.81,0.7897995462417603
0,6,23,1.3349289399464925,81.45,0.7922858909606934
0,6,24,1.3385491729736327,81.05,0.82407505235672
0,6,25,1.3300809707005818,81.1,0.8321171837806701
0,6,26,1.3387502527236939,81.58,0.7878710909843445
0,6,27,1.3315842898050945,81.15,0.8147684579849244
0,6,28,1.3359906171162923,80.47,0.8146138396263123
0,6,29,1.3367234026590984,81.23,0.8273306095123291
0,6,30,1.3311544558207193,81.45,0.8242681765556336
0,7,1,1.3514110242843629,78.06,0.7930942779541016
0,7,2,1.3368152124404906,80.92,0.7769210344314575
0,7,3,1.3069664503097533,81.64,0.7705810400009155
0,7,4,1.2814497816085815,81.93,0.7778531439781189
0,7,5,1.2681444167455038,82.64,0.7763787559509278
0,7,6,1.2667134216308593,83.12,0.7476580131530761
0,7,7,1.2541529489517211,83.34,0.7654559966087341
0,7,8,1.2486059290568035,83.07,0.7482988867759705
0,7,9,1.261989159075419,83.14,0.7516969055175782
0,7,10,1.254174800046285,83.78,0.7593490184783935
0,7,11,1.2434430006027222,83.81,0.730705014705658
0,7,12,1.2357643369674682,83.65,0.7354466590881348
0,7,13,1.2361520345687866,83.97,0.7355712371826172
0,7,14,1.2340273745218913,83.66,0.71878501663208
0,7,15,1.2319883075078328,84.17,0.7216438654899597
0,7,16,1.2409975449244182,84.25,0.7102719658851624
0,7,17,1.2262922636032105,83.55,0.7259045008659363
0,7,18,1.2301394708633422,84.61,0.7075441994667053
0,7,19,1.2278425178527832,84.95,0.7012075074195862
0,7,20,1.2220537921269734,83.91,0.7139422430038452
0,7,21,1.238190360768636,84.17,0.7177708488464355
0,7,22,1.2216542884190877,83.64,0.6981346948623657
0,7,23,1.2162644667943319,84.56,0.7024440370559693
0,7,24,1.2182780864079794,84.13,0.7101343357086182
0,7,25,1.2280007862726847,84.34,0.7133801665306091
0,7,26,1.2188769014994303,84.2,0.7311091889381409
0,7,27,1.2225241722106934,84.31,0.7114268950462341
0,7,28,1.2218497792561849,84.55,0.7000884016036988
0,7,29,1.234458619117737,84.41,0.688159758758545
0,7,30,1.2239843373616537,84.3,0.6877264203071595
0,8,1,1.2530052109400431,83.43,0.7315584876060486
0,8,2,1.201813971455892,85.22,0.7047908533096313
0,8,3,1.195740568415324,84.95,0.6827584308624267
0,8,4,1.180084158039093,85.44,0.6493975440025329
0,8,5,1.1706115192731221,84.85,0.6655804155349732
0,8,6,1.1615794180552164,85.2,0.657758189868927
0,8,7,1.1615967953364055,85.6,0.6459856652259827
0,8,8,1.1635628465016683,85.65,0.6524186652183532
0,8,9,1.1518248392740886,85.23,0.6472802434921264
0,8,10,1.1401772066752116,85.23,0.6383943428993225
0,8,11,1.1470018559773763,85.92,0.6372269939422608
0,8,12,1.1551592166264852,85.51,0.6408004550933838
0,8,13,1.1327517822583517,85.79,0.6425672874450684
0,8,14,1.1426314153353374,85.52,0.6386163352966309
0,8,15,1.1373414028803508,85.52,0.6482532779693604
0,8,16,1.1430719700495402,85.55,0.6462164048194885
0,8,17,1.1395515853246052,86.04,0.625188265800476
0,8,18,1.1486496609369914,85.74,0.6667492538452149
0,8,19,1.1416985712687175,85.85,0.6278344485282898
0,8,20,1.140331986172994,86.07,0.6089817630767822
0,8,21,1.1385771293004354,86.09,0.612025872039795
0,8,22,1.1344930855115254,85.92,0.6344028493881225
0,8,23,1.1494704100290933,86.32,0.612233810043335
0,8,24,1.1336090746561687,86.15,0.6431145272254943
0,8,25,1.1521588684399924,86.07,0.6399087059020996
0,8,26,1.146900481414795,85.67,0.6296094036102295
0,8,27,1.1453871185302735,86.31,0.634517556476593
0,8,28,1.1435010025024415,86.16,0.6393035512924194
0,8,29,1.1391901484807332,85.79,0.6210203876495362
0,8,30,1.1408255520502726,86.1,0.6195590100288391
1,1,1,2.3178488229115803,12.73,2.2233551876068116
1,1,2,2.2419167278289795,14.4,2.109955860900879
1,1,3,2.194158481470744,22.18,2.0459733150482178
1,1,4,2.1615566349029542,24.06,2.002129578399658
1,1,5,2.1486575146993,23.73,2.0020834590911867
1,1,6,2.1351778802235923,25.27,1.9580014064788818
1,1,7,2.1277221449534096,24.92,1.9652381633758544
1,1,8,2.134005467224121,25.11,1.956328221321106
1,1,9,2.1284398977915444,26.16,1.9330473989486694
1,1,10,2.127379362742106,25.91,1.9475722579956054
1,1,11,2.120424759546916,25.46,1.9485379285812379
1,1,12,2.123853767903646,25.4,1.951569617843628
1,1,13,2.118047395706177,25.85,1.935422134399414
1,1,14,2.1178027228037517,26.13,1.9258983041763305
1,1,15,2.109689607111613,26.57,1.9408112730026246
1,1,16,2.1132582209269204,26.49,1.9357312564849853
1,1,17,2.10718904838562,26.31,1.9224548086166382
1,1,18,2.111228540166219,25.63,1.941085181236267
1,1,19,2.114879290008545,26.5,1.9463162059783936
1,1,20,2.1116031917572022,27.26,1.9231646348953246
1,1,21,2.1118143398284914,26.67,1.9265738410949707
1,1,22,2.1098579765319823,26.44,1.928570666885376
1,1,23,2.1096704999287925,26.98,1.9175811061859132
1,1,24,2.1099828764597577,26.69,1.925806554222107
1,1,25,2.118133062362671,27.08,1.9178004035949707
1,1,26,2.1037163096110025,27.69,1.9077399221420288
1,1,27,2.1088618836720783,26.47,1.9229778554916381
1,1,28,2.10123529141744,26.77,1.9229138799667358
1,1,29,2.106411650212606,27.25,1.913312712097168
1,1,30,2.107360584640503,27.3,1.9157762868881225
1,2,1,2.1330130299886068,25.67,1.9028486993789673
1,2,2,2.0884951325098675,33.73,1.8196808841705323
1,2,3,2.0124467877705894,39.29,1.752180132675171
1,2,4,1.980489005470276,41.42,1.6948306648254394
1,2,5,1.9642816350301107,42.28,1.671546484184265
1,2,6,1.9573257960001627,42.32,1.653460559463501
1,2,7,1.9532275919596354,42.87,1.645358738708496
1,2,8,1.9461651011149088,43.53,1.6394449155807496
1,2,9,1.939692091369629,42.64,1.635300521659851
1,2,10,1.934995681699117,43.27,1.637906621170044
1,2,11,1.9324063026428222,44.34,1.6253349561691284
1,2,12,1.9286905838012696,44.39,1.6161170175552368
1,2,13,1.9375751123428344,44.49,1.6310833930969237
1,2,14,1.9408084612528482,44.43,1.6120235771179199
1,2,15,1.9198523867925008,46.04,1.61684989528656
1,2,16,1.9214360776901245,46.85,1.6188081829071046
1,2,17,1.9204726298014323,46.15,1.6225731273651123
1,2,18,1.9259488615036011,45.65,1.6158688711166382
1,2,19,1.921473555692037,45.98,1.6065672170639038
1,2,20,1.9159038599014282,46.98,1.6028076763153076
1,2,21,1.9308199195861817,46.84,1.605467066383362
1,2,22,1.9189372720718383,46.84,1.591591371154785
1,2,23,1.9156835325241088,47.11,1.599344206237793
1,2,24,1.9239354345321655,47.75,1.5905685054779053
1,2,25,1.9125161827087402,47.77,1.5877782526016235
1,2,26,1.9152887053807577,47.49,1.575594680404663
1,2,27,1.9096644518534343,48.65,1.5761458572387694
1,2,28,1.9209284586588542,48.57,1.569477070426941
1,2,29,1.9195319630940755,47.38,1.5908702173233031
1,2,30,1.9179595545450847,48.36,1.5792698390960693
1,3,1,1.918357863299052,51.5,1.5078612718582154
1,3,2,1.8492937015533448,57.52,1.3921010738372803
1,3,3,1.7949218444188435,59.24,1.3540258556365967
1,3,4,1.7854953170776366,59.17,1.3440719955444336
1,3,5,1.7710394269307455,60.24,1.3264842290878296
1,3,6,1.7654996241251628,59.47,1.3287133344650268
1,3,7,1.750436338297526,60.96,1.3127976278305054
1,3,8,1.742060669898987,59.16,1.337893451309204
1,3,9,1.7526355881373088,60.47,1.3158078422546386
1,3,10,1.7473202208836873,60.6,1.3032412425994873
1,3,11,1.7428442377090454,60.19,1.3281299850463868
1,3,12,1.7427836186091106,60.44,1.3016227632522583
1,3,13,1.7434300999323527,61.4,1.30306102809906
1,3,14,1.736870162010193,60.97,1.2972485458374023
1,3,15,1.7359246071497598,60.35,1.2967523126602172
1,3,16,1.736063828531901,60.38,1.2895418399810792
1,3,17,1.7449296761194866,60.09,1.2919482425689697
1,3,18,1.7412422464370727,61.19,1.2868705739974975
1,3,19,1.7454813247680665,61.53,1.2912044557571412
1,3,20,1.7431555109024048,60.85,1.3153607973098755
1,3,21,1.7361424850463867,60.8,1.2983358697891236
1,3,22,1.743825915336609,60.52,1.3047907930374145
1,3,23,1.73225710550944,61.09,1.2869380764007567
1,3,24,1.735149485206604,60.72,1.2860441015243531
1,3,25,1.729731819343567,60.93,1.2855590217590331
1,3,26,1.7328112787882486,60.33,1.2946019050598145
1,3,27,1.732157451057434,60.83,1.2691207830429077
1,3,28,1.7310382568995157,61.18,1.2784371789932252
1,3,29,1.7405864919662475,60.33,1.3023282276153565
1,3,30,1.7297087531407673,61.48,1.291602795600891
1,4,1,1.766936631011963,58.75,1.34765319480896
1,4,2,1.7313856521606446,62.23,1.2869272201538087
1,4,3,1.6838187489191692,64.31,1.2221920587539672
1,4,4,1.6563975325902303,64.62,1.18229805393219
1,4,5,1.642515102704366,65.06,1.1747102834701537
1,4,6,1.6245968353907267,65.68,1.1636485692977905
1,4,7,1.6379000645319621,66.97,1.1571179134368896
1,4,8,1.6244267138799031,67.72,1.1356525007247924
1,4,9,1.6247880718866985,68.74,1.1244341548919679
1,4,10,1.6079986707051594,68.33,1.1195391790390015
1,4,11,1.611026814142863,69.56,1.1087804178237914
1,4,12,1.6141281656265258,69.25,1.125917516708374
1,4,13,1.6091915105819703,68.94,1.1126360092163086
1,4,14,1.6219677993774415,68.82,1.1199824417114257
1,4,15,1.606764355278015,70.06,1.109643251800537
1,4,16,1.6099724159240723,69.28,1.0958509735107422
1,4,17,1.6084466948827107,68.91,1.0993128992080687
1,4,18,1.5969808909098306,68.79,1.1061132524490356
1,4,19,1.5958746192296347,68.86,1.0923954853057862
1,4,20,1.5927019905090332,69.39,1.1083138473510743
1,4,21,1.5861702788670857,69.35,1.0986588773727417
1,4,22,1.5947328023910523,69.79,1.0910985286712647
1,4,23,1.5854099133173625,69.19,1.0796123853683472
1,4,24,1.589367003631592,69.21,1.0900711400985719
1,4,25,1.5860229029973347,70.01,1.0720235244750977
1,4,26,1.5821618352254232,70.28,1.0783162509918214
1,4,27,1.5921614567438762,69.52,1.0922614221572875
1,4,28,1.577987610880534,69.49,1.1040963474273682
1,4,29,1.5735227299372354,69.32,1.0822394607543946
1,4,30,1.5770526659647623,69.82,1.067860548400879
1,5,1,1.582259435081482,73.72,1.0325809236526489
1,5,2,1.5527888324101766,75.02,0.9945612689971924
1,5,3,1.526681976890564,74.18,0.9776226484298706
1,5,4,1.518317151451111,74.65,0.9917203519821167
1,5,5,1.4996856384277344,75.96,0.9740245384216308
1,5,6,1.4768803010940552,76.18,0.9577228365898133
1,5,7,1.4679857027689616,76.1,0.9441816682815551
1,5,8,1.4607870648701986,76.35,0.9351884284973144
1,5,9,1.452739333152771,77.08,0.9299685358047486
1,5,10,1.4480056966145833,77.82,0.9299930821418763
1,5,11,1.4431187238693237,77.0,0.9196829887390137
1,5,12,1.446850472577413,76.47,0.9277320432662964
1,5,13,1.451169225502014,76.68,0.9430634057998657
1,5,14,1.4325757603963216,77.51,0.9066507475852966
1,5,15,1.4289677982966105,77.15,0.9318460028648377
1,5,16,1.4404800504048665,76.78,0.9116070245742798
1,5,17,1.4326052245457968,76.51,0.9285787267684936
1,5,18,1.4477573801676433,78.55,0.9026836880683899
1,5,19,1.4246340902328491,77.22,0.91941918592453
1,5,20,1.4308753109614054,76.83,0.9252543735504151
1,5,21,1.4431146029790243,77.43,0.9086910486221313
1,5,22,1.440889492225647,77.61,0.9229121757507324
1,5,23,1.442515525372823,78.21,0.9116987977027893
1,5,24,1.4406759487787884,77.86,0.9122744201660157
1,5,25,1.4287874387741089,77.74,0.9042025365829468
1,5,26,1.438843701171875,77.01,0.9322557127952575
1,5,27,1.4340689069747925,77.2,0.920527024269104
1,5,28,1.4297740677515667,77.62,0.9061161054611206
1,5,29,1.4247214621861777,77.85,0.912463104724884
1,5,30,1.4286527057011922,77.93,0.9101270693778992
1,6,1,1.4518126055399576,74.24,0.9234153497695923
1,6,2,1.4139579638163249,76.25,0.898382631778717
1,6,3,1.4064284429550171,78.26,0.8722472769737244
1,6,4,1.3831980173110963,79.45,0.8425181095123291
1,6,5,1.3602916710535686,79.81,0.8622313784599305
1,6,6,1.3512423807144165,79.69,0.8489756812095642
1,6,7,1.3615921453475952,80.42,0.8264332603454589
1,6,8,1.3407461507161458,79.89,0.8591785772323608
1,6,9,1.3523583150227865,79.54,0.8253227811813354
1,6,10,1.3546168111801147,79.84,0.8285681429862977
1,6,11,1.353833666674296,79.97,0.8192912605285645
1,6,12,1.352674450937907,80.7,0.8270686162948608
1,6,13,1.3448863522847494,80.14,0.8320327963829041
1,6,14,1.3377833941777548,80.09,0.8425469109535217
1,6,15,1.3421855518976846,80.15,0.8140745455741882
1,6,16,1.3225407823562623,79.66,0.8513007284164429
1,6,17,1.3416844902674356,80.48,0.8161632014274597
1,6,18,1.3293330535888672,80.37,0.8198455418586731
1,6,19,1.3444770816167195,79.99,0.8048636273384094
1,6,20,1.328891560427348,80.08,0.8121768497467041
1,6,21,1.3431966196695964,80.21,0.8097115655899048
1,6,22,1.334270490582784,80.77,0.8086870319366455
1,6,23,1.3403525398254394,80.17,0.8053150698661804
1,6,24,1.3291387784322102,80.72,0.8145898866653443
1,6,25,1.341885088857015,80.23,0.7968663996696472
1,6,26,1.3310870196024578,79.91,0.8053312068939209
1,6,27,1.327514826774597,80.11,0.8152495604515075
1,6,28,1.3304238467534384,79.98,0.8128329842567444
1,6,29,1.3453913197835285,79.65,0.8178181324958801
1,6,30,1.3419585892359416,80.56,0.7962423218727112
1,7,1,1.3648901088078818,76.82,0.8330419642448426
1,7,2,1.3249532475789387,80.65,0.7969055852890015
1,7,3,1.2922614700317383,80.82,0.7662021760940552
1,7,4,1.2626575897216796,82.33,0.7390276454925537
1,7,5,1.2533336219151814,82.16,0.7492597535133362
1,7,6,1.2594167772928875,82.12,0.740899319076538
1,7,7,1.2554517881393432,82.17,0.729896252155304
1,7,8,1.2518022492726644,82.93,0.7175057884216308
1,7,9,1.251425215212504,82.92,0.7203924965858459
1,7,10,1.2544926911036174,82.53,0.7372128395080566
1,7,11,1.237414159965515,83.13,0.6995887803077698
1,7,12,1.2389571064631144,83.21,0.7026431176185608
1,7,13,1.2263083724339803,83.19,0.7138225796699524
1,7,14,1.231233280499776,83.32,0.7054102838516235
1,7,15,1.2221047853469849,83.08,0.7177936060905457
1,7,16,1.225793694559733,83.25,0.7094423728942871
1,7,17,1.221419702657064,83.47,0.7031473297119141
1,7,18,1.2328587773005169,83.36,0.690194476890564
1,7,19,1.2263085802078246,83.11,0.7077213572502137
1,7,20,1.2355891707102458,83.03,0.6952150855064392
1,7,21,1.221426454416911,83.07,0.6909859981536866
1,7,22,1.2338136845270793,83.05,0.7108314589500427
1,7,23,1.220779585202535,83.21,0.718568291091919
1,7,24,1.2202602088928223,83.19,0.7035264429092407
1,7,25,1.23668762105306,83.17,0.7068107416152954
1,7,26,1.2344166437784831,82.55,0.7176259636878968
1,7,27,1.2300361328125,83.79,0.6997185925483703
1,7,28,1.2142605722427369,82.81,0.7201436985015869
1,7,29,1.2248175933202108,82.44,0.7182724332809448
1,7,30,1.2261992675145468,83.18,0.7188495228767395
1,8,1,1.2660933317184448,81.42,0.7198357579231263
1,8,2,1.2126247436205546,83.55,0.6850582292556763
1,8,3,1.2056131898880005,84.22,0.6736614987373352
1,8,4,1.1893739277521769,83.88,0.6847667978286743
1,8,5,1.1796694639205934,84.5,0.6474360083580017
1,8,6,1.1786309803009034,84.27,0.6868033671379089
1,8,7,1.180599835395813,84.51,0.6772904089927674
1,8,8,1.167138897895813,85.12,0.6608460817337036
1,8,9,1.1557211449305216,85.2,0.6522069136619568
1,8,10,1.1683261135737102,84.92,0.6616549659729004
1,8,11,1.1554131823857625,85.15,0.6590423561096191
1,8,12,1.1712562523523966,85.03,0.6478450268745423
1,8,13,1.1647259165445965,85.1,0.6517277317047119
1,8,14,1.1724162948608399,85.19,0.6587351221084595
1,8,15,1.173370902633667,85.42,0.6526832221984863
1,8,16,1.158972804959615,85.18,0.670624467086792
1,8,17,1.16591290696462,84.78,0.6701843682289124
1,8,18,1.149139825598399,84.79,0.6590081919670105
1,8,19,1.1518489233016969,85.01,0.6395321182250977
1,8,20,1.1626359152475993,85.19,0.6568870086669922
1,8,21,1.154547193145752,85.49,0.6609068626403809
1,8,22,1.151922009531657,85.41,0.6377449668884277
1,8,23,1.1573987380345663,85.41,0.662327897644043
1,8,24,1.1603546506881715,85.48,0.6476046103477479
1,8,25,1.1540945517222088,85.04,0.6421191397666931
1,8,26,1.1528042533874512,85.24,0.6401895691871643
1,8,27,1.1581328997929892,85.0,0.6482987691879273
1,8,28,1.1539067282994588,85.0,0.6527594172477722
1,8,29,1.149334451421102,85.64,0.6406258440971374
1,8,30,1.1566104476292929,85.47,0.6415291539192199
2,1,1,2.3079907855987547,21.04,2.113585679244995
2,1,2,2.195853723271688,22.67,2.0448349029541015
2,1,3,2.1704120690663657,25.28,1.999264418411255
2,1,4,2.1549221312205,26.98,1.985988666152954
2,1,5,2.147917466100057,26.82,1.9623603343963623
2,1,6,2.1417737341562906,27.68,1.9673183771133422
2,1,7,2.141003719965617,28.52,1.9506871717453003
2,1,8,2.135240558497111,28.41,1.9540529790878296
2,1,9,2.134454728190104,28.79,1.9525316646575928
2,1,10,2.1292626642862955,29.46,1.9459147396087646
2,1,11,2.128968056869507,29.94,1.950209868621826
2,1,12,2.1267396416982014,30.74,1.943068818283081
2,1,13,2.1241578701019286,30.06,1.9205786449432374
2,1,14,2.1217382358551027,29.49,1.937269965171814
2,1,15,2.122045382563273,30.16,1.9315287954330445
2,1,16,2.1200551965077716,30.74,1.9138476932525634
2,1,17,2.1232983127593994,30.77,1.9328774236679078
2,1,18,2.1167060560862225,31.35,1.9195410083770752
2,1,19,2.117838544591268,31.19,1.9238668157577514
2,1,20,2.1170585786183675,31.35,1.9105802625656128
2,1,21,2.116886161931356,32.57,1.9096125492095948
2,1,22,2.116990836207072,32.51,1.9108876697540282
2,1,23,2.1127656478881836,32.79,1.8975912467956544
2,1,24,2.112718684387207,33.55,1.8983932510375976
2,1,25,2.112369514592489,31.7,1.8915004280090333
2,1,26,2.1149703450520834,32.19,1.904594244003296
2,1,27,2.1103191908518473,31.99,1.8999558057785033
2,1,28,2.1097749930063885,32.98,1.8843301773071288
2,1,29,2.1071905796051027,33.05,1.8903119194030762
2,1,30,2.110655909093221,32.57,1.8994981321334838
2,2,1,2.1149250235239663,36.86,1.7638295049667359
2,2,2,2.0155166946411134,42.44,1.6596768154144288
2,2,3,1.9690008297602335,48.04,1.6198982400894164
2,2,4,1.9558358204523723,47.91,1.6094197719573975
2,2,5,1.950569098854065,48.91,1.604334261894226
2,2,6,1.9552378511428834,47.52,1.6079273294448853
2,2,7,1.941851447614034,48.36,1.5957037902832032
2,2,8,1.9516813739140828,48.15,1.5933967918395997
2,2,9,1.937483103688558,48.82,1.5818162233352662
2,2,10,1.9364535857518514,49.72,1.5662757196426391
2,2,11,1.9379511560440064,49.55,1.5613636968612672
2,2,12,1.9306146996180216,49.64,1.5600586339950562
2,2,13,1.9217777037938435,49.8,1.5579933046340941
2,2,14,1.9437292821884156,49.52,1.573680029296875
2,2,15,1.9351392234166462,48.62,1.5766093101501464
2,2,16,1.9218907417933146,49.83,1.554929779624939
2,2,17,1.9245423022588095,49.67,1.565185954284668
2,2,18,1.9370346124649047,48.72,1.5632707153320313
2,2,19,1.9398961990992227,48.74,1.581499193382263
2,2,20,1.9286409317652384,49.55,1.5625981336593628
2,2,21,1.9378508534749348,49.55,1.5607902780532836
2,2,22,1.9255067220687867,49.24,1.5689640159606935
2,2,23,1.9258797079086303,48.65,1.559913535118103
2,2,24,1.9302629330952963,49.93,1.558670740699768
2,2,25,1.9299470481872558,49.59,1.5761225173950195
2,2,26,1.9306303380966185,49.76,1.5567124771118164
2,2,27,1.9181582255045573,49.61,1.5749321409225463
2,2,28,1.9194630727767945,49.81,1.548579845237732
2,2,29,1.9140878675460815,49.93,1.5645706968307496
2,2,30,1.9217429346084596,49.49,1.5521487503051759
2,3,1,1.995645147705078,44.76,1.610702320098877
2,3,2,1.9408529751459758,49.55,1.524395062828064
2,3,3,1.883353025372823,54.88,1.4257366361618042
2,3,4,1.8429534484227499,55.4,1.392714201927185
2,3,5,1.8181700569788615,55.94,1.3837063228607178
2,3,6,1.8027997776667277,56.28,1.3603162839889527
2,3,7,1.7947256445566813,57.69,1.3446211868286133
2,3,8,1.7894920893351236,56.29,1.3395109384536743
2,3,9,1.7854544385274251,55.1,1.3245304193496703
2,3,10,1.7859711361567179,56.98,1.3354386697769165
2,3,11,1.7678412445068359,55.72,1.337399432182312
2,3,12,1.767086290550232,57.88,1.3155085983276367
2,3,13,1.766513872718811,56.89,1.2962897773742676
2,3,14,1.770027861849467,56.24,1.3097926803588866
2,3,15,1.7637550292332966,57.83,1.2964024911880494
2,3,16,1.7534859287897746,56.43,1.2852172172546388
2,3,17,1.7536334315617879,56.72,1.2887087532043457
2,3,18,1.749854531288147,59.85,1.2940543954849244
2,3,19,1.7430310694376627,57.51,1.2821434593200685
2,3,20,1.7450788615544637,60.88,1.301556549835205
2,3,21,1.7467043436686198,59.18,1.288288317489624
2,3,22,1.7474029835383098,60.12,1.278514259338379
2,3,23,1.737071842956543,59.94,1.2861473545074462
2,3,24,1.7500574777603148,57.89,1.279089459991455
2,3,25,1.7497292103449504,59.61,1.2971793029785157
2,3,26,1.7438545933405558,58.13,1.2868901550292968
2,3,27,1.7432641354878744,56.94,1.2775520805358886
2,3,28,1.7493391241073608,57.41,1.259021203994751
2,3,29,1.7431251297632853,57.99,1.326571111869812
2,3,30,1.7308520552953084,59.98,1.3156944095611571
2,4,1,1.7918599192301432,57.97,1.2481446031570436
2,4,2,1.7171412099202474,60.54,1.190156640815735
2,4,3,1.6911743247350057,61.48,1.1866945114135743
2,4,4,1.6807242314020792,61.88,1.1849123113632203
2,4,5,1.67748622341156,62.65,1.1762600490570068
2,4,6,1.6774060464859009,62.42,1.1781443017959594
2,4,7,1.667665335146586,63.05,1.185710758781433
2,4,8,1.6758551838556925,63.17,1.176646489906311
2,4,9,1.6632507707595825,63.12,1.1818797206878662
2,4,10,1.6713238991419475,63.81,1.1544077423095702
2,4,11,1.6546904728571574,62.93,1.1634782054901123
2,4,12,1.661822523943583,63.78,1.145704751586914
2,4,13,1.6527590403874715,63.14,1.192406298828125
2,4,14,1.660901838684082,63.74,1.1524677507400514
2,4,15,1.655615564028422,62.47,1.2009052919387817
2,4,16,1.6566294275919595,64.18,1.1777429866790772
2,4,17,1.661551158841451,63.27,1.1515436660766603
2,4,18,1.667939309692383,64.0,1.1820754335403443
2,4,19,1.6574301836649576,62.29,1.191219755935669
2,4,20,1.660541167449951,62.77,1.1658245332717896
2,4,21,1.6571326635360717,62.53,1.1704420545578003
2,4,22,1.650577382405599,63.69,1.1641630474090576
2,4,23,1.6585555510838828,63.87,1.1619799064636231
2,4,24,1.6498252098083497,63.25,1.1614938539505004
2,4,25,1.6465565581639607,63.31,1.1654446058273316
2,4,26,1.6513740317662557,62.71,1.1473445133209228
2,4,27,1.6637413771947225,62.84,1.151708473777771
2,4,28,1.6562233748118083,63.16,1.1389522762298585
2,4,29,1.658083093770345,63.47,1.1383330099105835
2,4,30,1.6523254707336426,63.41,1.142968749809265
2,5,1,1.675620407040914,65.55,1.1375132717132568
2,5,2,1.6162409214655558,67.02,1.1198982549667358
2,5,3,1.5974842503229778,70.15,1.0327660655975341
2,5,4,1.5592626943588257,72.77,0.9977706937789917
2,5,5,1.5442335410435994,71.58,1.0489866046905518
2,5,6,1.5457097041447958,71.45,1.0336361211776735
2,5,7,1.5338796777725219,72.49,0.9976757890701294
2,5,8,1.537241096051534,72.25,1.0087940320968627
2,5,9,1.5371454919815064,72.84,0.98065221824646
2,5,10,1.5275381994247437,72.84,0.9820732797622681
2,5,11,1.5461246777852375,73.16,0.9719280096054077
2,5,12,1.5239409403483073,73.14,0.9582502013206482
2,5,13,1.527708077430725,72.52,0.9771480138778686
2,5,14,1.5227461802164715,73.14,0.9707912160873413
2,5,15,1.527999320793152,72.78,0.9672789445877075
2,5,16,1.5339206635157268,72.24,0.9859975666046142
2,5,17,1.5290912180582683,73.47,0.9939761014938354
2,5,18,1.5219652146021525,72.93,0.9681170708656311
2,5,19,1.5251497835159302,72.45,0.9903640875816345
2,5,20,1.520753837776184,72.36,1.014271182537079
2,5,21,1.518906011390686,73.27,1.007732070350647
2,5,22,1.5347174107869466,73.65,0.9777184202194213
2,5,23,1.5239315291722615,72.3,1.0112590816497802
2,5,24,1.5299909363428752,72.89,0.9613086320877076
2,5,25,1.5331654296239217,72.55,0.9844626703262329
2,5,26,1.511376465288798,72.89,0.9669573877334595
2,5,27,1.528751903851827,72.56,0.984178028678894
2,5,28,1.5308144138971964,73.22,0.9614136171340942
2,5,29,1.5291001038233438,72.54,0.9897154503822326
2,5,30,1.523299115308126,72.99,0.9648281188964843
2,6,1,1.5578586196899413,72.83,0.9571028072357177
2,6,2,1.4865354391733805,76.09,0.9148903569221497
2,6,3,1.4547766163508098,77.26,0.8713627335548401
2,6,4,1.4501027963002522,77.79,0.8537461302757263
2,6,5,1.4300156695048014,77.6,0.8583609159469604
2,6,6,1.4227405244827271,76.8,0.866997696685791
2,6,7,1.423683786010742,77.23,0.845010070323944
2,6,8,1.403007734489441,76.95,0.8505183769226075
2,6,9,1.4089186757405598,76.82,0.8500342107772827
2,6,10,1.3935542826334635,77.3,0.8331426951408386
2,6,11,1.4153674377441405,77.41,0.8362430883407592
2,6,12,1.4084702161153158,77.64,0.8405349662780762
2,6,13,1.4004087602615356,77.06,0.8443535426139831
2,6,14,1.3933307652155558,77.62,0.8373786838531494
2,6,15,1.3853971731185912,77.91,0.8321909965515136
2,6,16,1.38294797706604,78.0,0.8413703119277954
2,6,17,1.4003542868932088,77.51,0.8695616543769836
2,6,18,1.396033326657613,76.8,0.8450453521728516
2,6,19,1.4032828493118286,77.48,0.8404029414176941
2,6,20,1.3925621335347493,77.45,0.8405472039222718
2,6,21,1.3945661953608195,77.35,0.8616192566871643
2,6,22,1.394813700803121,77.89,0.8110677330970765
2,6,23,1.3853786000569661,77.55,0.8215656401634216
2,6,24,1.3916286113103231,77.98,0.8511645939826965
2,6,25,1.3870023778915406,78.32,0.8117061742782593
2,6,26,1.3958710433324177,77.84,0.8621099404335022
2,6,27,1.3958780009587606,77.45,0.8333429416656494
2,6,28,1.396531174659729,77.73,0.8367919353485107
2,6,29,1.3941502918879192,77.98,0.8161951416015625
2,6,30,1.3800707377115886,78.07,0.814274597454071
2,7,1,1.3887716541926065,77.8,0.7963930910110474
2,7,2,1.3689407084782919,79.73,0.774583129119873
2,7,3,1.3130026449203491,80.0,0.7483868432044983
2,7,4,1.30053392384847,80.08,0.7365552402496338
2,7,5,1.2954250588734946,80.49,0.7364416753768921
2,7,6,1.287362366549174,80.26,0.7475616394996643
2,7,7,1.2869865769704183,80.17,0.7771711950302124
2,7,8,1.2803330572128295,80.43,0.7496255620956421
2,7,9,1.291325134086609,80.32,0.7490124299049378
2,7,10,1.2784068344751993,80.65,0.7338220730781555
2,7,11,1.2768721592585246,80.56,0.7346481664657593
2,7,12,1.2769492846171062,80.63,0.748460186290741
2,7,13,1.2651304527918499,81.0,0.7356875862121582
2,7,14,1.2602003157933552,81.12,0.7347075468063354
2,7,15,1.2767488644282023,80.6,0.7517949119567872
2,7,16,1.266319833056132,80.75,0.7252106483459473
2,7,17,1.2672747732162475,81.91,0.7363432243347168
2,7,18,1.264386093266805,80.68,0.7317188158988953
2,7,19,1.262198614056905,80.97,0.7387717133522034
2,7,20,1.2752431400299071,80.99,0.7421837794303894
2,7,21,1.2658715552647908,81.04,0.7224199753761291
2,7,22,1.257786379814148,80.76,0.7574171745300293
2,7,23,1.2579258787155152,81.15,0.7141341361045838
2,7,24,1.26268065255483,81.3,0.7498116299629212
2,7,25,1.2741529652277628,80.84,0.7014777389526368
2,7,26,1.264535178375244,80.79,0.7596498097419738
2,7,27,1.2601463200887044,81.29,0.748254421710968
2,7,28,1.279703082338969,81.32,0.714259073638916
2,7,29,1.2664605156580606,81.55,0.7595485867500306
2,7,30,1.258913075574239,81.16,0.7471793339729309
2,8,1,1.298042922147115,79.34,0.7310871940612793
2,8,2,1.2663061899820964,80.44,0.7259070018768311
2,8,3,1.2270053619384766,81.48,0.700618953037262
2,8,4,1.2255237611134846,81.83,0.6933854307174683
2,8,5,1.2297595260620118,81.38,0.7120957465171814
2,8,6,1.2226614795049031,82.02,0.7021230003356934
2,8,7,1.2181834305445354,82.17,0.685155136680603
2,8,8,1.2264672448476155,82.53,0.7201752098083496
2,8,9,1.2120284173329672,81.93,0.6962869662284851
2,8,10,1.228465737469991,81.8,0.7045820657730103
2,8,11,1.2217399792353312,81.97,0.7115723722457886
2,8,12,1.2270671883265178,81.77,0.7043513730049134
2,8,13,1.228318192609151,81.94,0.7012046697616577
2,8,14,1.2165294129053752,82.53,0.7085214592933655
2,8,15,1.2316954932530721,81.7,0.7078334800720215
2,8,16,1.2177859750747682,81.77,0.7141310700416565
2,8,17,1.2132859001159668,81.48,0.7211991164207459
2,8,18,1.2265575872421264,82.56,0.6857534000396729
2,8,19,1.2167706726074219,82.66,0.7000591425895691
2,8,20,1.212895516649882,82.53,0.6907032049179077
2,8,21,1.223596052869161,82.31,0.711018957901001
2,8,22,1.2174390954971313,82.54,0.7056865394592285
2,8,23,1.229698577181498,82.05,0.7113404598236084
2,8,24,1.2085383153915406,81.85,0.7105702123641968
2,8,25,1.199004062906901,82.53,0.7306660249710083
2,8,26,1.225492148399353,82.45,0.6948791874885559
2,8,27,1.2161251054763793,82.37,0.6842801550865173
2,8,28,1.2100507227579753,82.72,0.6940577976226807
2,8,29,1.2092441424687703,82.36,0.6961232151031495
2,8,30,1.2235659602483113,82.25,0.6896550107002258
